brand,category_value
Wolf Gourmet,Beverage Imagery
Wolf Gourmet,Blender Accessories
Wolf Gourmet,Blenders
Wolf Gourmet,Blog Images
Wolf Gourmet,Coffee Maker Accessories
Wolf Gourmet,Coffee Makers
Wolf Gourmet,Cookware
Wolf Gourmet,Countertop Oven Accessories
Wolf Gourmet,Countertop Ovens
Wolf Gourmet,Cutlery
Wolf Gourmet,Electric Kettles
Wolf Gourmet,Food Imagery
Wolf Gourmet,Griddles
Wolf Gourmet,Kitchen Imagery
Wolf Gourmet,Lifestyle Imagery
Wolf Gourmet,Logos
Wolf Gourmet,Multi-Function Cookers
Wolf Gourmet,Stand Mixers
Wolf Gourmet,Technique Books
Wolf Gourmet,Toaster Accessories
Wolf Gourmet,Toasters - 2 Slice
Wolf Gourmet,Toasters - 4 Slice
Wolf Gourmet,Trivet
HBPS-Commercial, Accessories
HBPS-Commercial, Accessories Lineart
HBPS-Commercial, Bartesian®
HBPS-Commercial, Beverage Dispensers
HBPS-Commercial, Blenders
HBPS-Commercial, Blenders Lineart
HBPS-Commercial, Can Opener
HBPS-Commercial, Coffee Urns
HBPS-Commercial, Drink Mixers
HBPS-Commercial, Drink Mixers Lineart
HBPS-Commercial, Food Dehydrator
HBPS-Commercial, Food Shots
HBPS-Commercial, Hotel Amenities
HBPS-Commercial, Hotel Amenities Lineart
HBPS-Commercial, Immersion Blenders
HBPS-Commercial, Immersion Circulators
HBPS-Commercial, Juicers
HBPS-Commercial, Juicers Lineart
HBPS-Commercial, Logos
HBPS-Commercial, Meat Grinder
HBPS-Commercial, Numilk
HBPS-Commercial, Office Products
HBPS-Commercial, Office Products Lineart
HBPS-Commercial, Photo Gallery
HBPS-Commercial, Refrigerators
HBPS-Commercial, Rice Cookers
HBPS-Commercial, Rice Warmer
HBPS-Commercial, Roaster Ovens
HBPS-Commercial, Shaver Blenders
HBPS-Commercial, Specialty Items
HBPS-Commercial, Specialty Items Lineart
HBPS-Commercial, Stand Mixers
HBPS-Commercial, Stand Mixers Lineart
HBPS-Commercial, Toasters
HBPS-Commercial, Vacuum Sealers
HBPS,Air Fryers
HBPS,Air Purifier Filters
HBPS,Air Purifiers
HBPS,Airpots
HBPS,Allergen Reducers
HBPS,AquaFusion™
HBPS,Baby Food Makers
HBPS,Bartesian®
HBPS,Bathroom Scale
HBPS,Blender Parts and Accessories
HBPS,Blenders
HBPS,Brand VPAs
HBPS,Bread Makers
HBPS,Breakfast Products
HBPS,Brita Hub™
HBPS,Buffet Server-Warmers
HBPS,Can Openers
HBPS,Clorox™ Air Purifiers
HBPS,Clorox™ Humidifier
HBPS,Clorox™ Steam Sanitizer
HBPS,Coffee Brewer-Blender
HBPS,Coffee Grinders
HBPS,Coffee Maker Carafes and Accessories
HBPS,Coffee Makers - 10 Cup
HBPS,Coffee Makers - 12 Cup
HBPS,Coffee Makers - 14 Cup
HBPS,Coffee Makers - 4 Cup
HBPS,Coffee Makers - 5 Cup
HBPS,Coffee Makers - 6 Cup
HBPS,Coffee Makers - 8 Cup
HBPS,Coffee Makers - Single Serve
HBPS,Coffee Urns
HBPS,Cold Brew Coffee Makers
HBPS,Cookie Presses
HBPS,Countertop Ovens
HBPS,Crepe Makers
HBPS,Deep Fryers
HBPS,Double Burners
HBPS,Drink Mixers
HBPS,Egg Cookers
HBPS,Electric Knives
HBPS,Electric Toothbrushes
HBPS,Entertainer Cooksets
HBPS,Espresso Makers
HBPS,Facial Cleansing Brush
HBPS,Flatbread Maker
HBPS,Fondue Pots
HBPS,Food Choppers
HBPS,Food Dehydrators
HBPS,Food Processors
HBPS,Food Steamers
HBPS,Food Warmers
HBPS,French Presses
HBPS,Garment Drying Stations
HBPS,Garment Steamers
HBPS,Germicidal Bulb
HBPS,Griddles
HBPS,Grill - Griddles
HBPS,Hair Dryers
HBPS,Hand Blenders
HBPS,Hand Mixers
HBPS,Home Carbonation
HBPS,Home Health and Wellness
HBPS,Hot Pots
HBPS,Hot Water Dispenser
HBPS,Humidifier Filters
HBPS,Humidifiers
HBPS,Ice Cream Makers
HBPS,Ice Makers
HBPS,Ice Shavers
HBPS,Iced Coffee Personal Brewers
HBPS,Iced Tea Maker
HBPS,Iced Tea Personal Brewers
HBPS,Indoor Grills
HBPS,Iron Accessories
HBPS,Irons
HBPS,Jamba
HBPS,Jar Openers
HBPS,Juice Extractors
HBPS,Juicers
HBPS,Kettles
HBPS,Kitchen Scales
HBPS,Knife Sharpeners
HBPS,Laundry Accessories
HBPS,Logos
HBPS,Meat Grinder-Sausage Stuffers
HBPS,Meat Slicer
HBPS,Milk Frothers
HBPS,Multi-Cookers
HBPS,Numilk
HBPS,Odor Eliminator Filters
HBPS,Odor Eliminators
HBPS,Outdoor Grills
HBPS,Outdoor Grills Accessories
HBPS,Panini Presses
HBPS,Pasta Makers
HBPS,Percolators
HBPS,Photo Gallery
HBPS,Pizza Makers
HBPS,Pop Makers
HBPS,Popcorn Poppers
HBPS,Portable Cooktop
HBPS,Pressure Cookers
HBPS,Quesadilla Maker
HBPS,Refrigerator
HBPS,Rice Cookers
HBPS,Roaster Ovens
HBPS,Sandwich Makers
HBPS,Single Burners
HBPS,Skillets
HBPS,Slow Cookers
HBPS,Stand Mixers
HBPS,Summer Treat Accessories
HBPS,Toastations
HBPS,Toaster Ovens
HBPS,Toasters - 2 Slice
HBPS,Toasters - 4 Slice
HBPS,Travel Products
HBPS,Vacuum Sealers
HBPS,Waffle Cone Maker
HBPS,Waffle Makers
HBPS,Wine Chiller
HBPS,Wine Opener
HBPS,Yogurt Maker
Weston,Arrow Saws
Weston,Bag Neck Sealer
Weston,Blenders
Weston,Boot and Shoe Dryer
Weston,Burger Presses
Weston,Butcher Saws
Weston,Citrus Juicer
Weston,Cone Strainer
Weston,Corn Accessories
Weston,Deep Fryer
Weston,Food Dehydrators
Weston,Food Mills
Weston,Fry Cutters
Weston,Home Canning Set
Weston,Jerky Guns
Weston,Jerky Slicers
Weston,Juice Extractor
Weston,Logos
Weston,Marinade Injector
Weston,Meat Grinder-Sausage Stuffers
Weston,Meat Grinders
Weston,Meat Lug
Weston,Meat Mixers
Weston,Meat Packaging Supplies
Weston,Meat Slicers
Weston,Meat Tenderizer/Cuber
Weston,Pasta Drying Rack
Weston,Processing Knife Sets
Weston,Sausage Stuffers
Weston,Silicone Spray
Weston,Slow Cookers
Weston,Smoke Infuser
Weston,Sous Vide Cookers
Weston,Tomato Strainers
Weston,Turkey Lifter
Weston,Vacuum Sealers
